,Year,Country,Teen_fertility,Immunization_measles,Internet_use,Maternal_mort_ratio,Region,Continent,log_MMR,log_GDP,Africa,Asia,Europe,North_America,Oceania,South_America,TFxAfrica,IMxAfrica,IUxAfrica,lGDPxAfrica,TFxEurope,IMxEurope,IUxEurope,lGDPxEurope,TFxNorth_America,IMxNorth_America,IUxNorth_America,lGDPxNorth_America,TFxOceania,IMxOceania,IUxOceania,lGDPxOceania
0,2010,Afghanistan,98.6322,62.0,4.0,584.0,Southern Asia,Asia,6.369900982828227,6.310854156476428,0,1,0,0,0,0,0.0,0.0,0.0,0.0,0.0,0.0,0.0,0.0,0.0,0.0,0.0,0.0,0.0,0.0,0.0,0.0
1,2010,Albania,19.8208,99.0,45.0,30.0,Southern Europe,Europe,3.4011973816621555,8.317365745641688,0,0,1,0,0,0,0.0,0.0,0.0,0.0,19.8208,99.0,45.0,8.317365745641688,0.0,0.0,0.0,0.0,0.0,0.0,0.0,0.0
2,2010,Algeria,10.8084,95.0,12.5,147.0,Northern Africa,Africa,4.990432586778736,8.403664893363185,1,0,0,0,0,0,10.8084,95.0,12.5,8.403664893363185,0.0,0.0,0.0,0.0,0.0,0.0,0.0,0.0,0.0,0.0,0.0,0.0
3,2010,Angola,172.0946,67.0,2.8,561.0,Middle Africa,Africa,6.329720905522696,8.184766315995777,1,0,0,0,0,0,172.0946,67.0,2.8,8.184766315995777,0.0,0.0,0.0,0.0,0.0,0.0,0.0,0.0,0.0,0.0,0.0,0.0
4,2010,Argentina,63.8792,95.0,45.0,58.0,South America,South America,4.060443010546419,9.237591708016026,0,0,0,0,0,1,0.0,0.0,0.0,0.0,0.0,0.0,0.0,0.0,0.0,0.0,0.0,0.0,0.0,0.0,0.0,0.0
5,2010,Armenia,27.443,97.0,25.0,33.0,Western Asia,Asia,3.4965075614664802,8.076633920546206,0,1,0,0,0,0,0.0,0.0,0.0,0.0,0.0,0.0,0.0,0.0,0.0,0.0,0.0,0.0,0.0,0.0,0.0,0.0
6,2010,Australia,15.7206,94.0,76.0,6.0,Australia and New Zealand,Oceania,1.791759469228055,10.85778458183701,0,0,0,0,1,0,0.0,0.0,0.0,0.0,0.0,0.0,0.0,0.0,0.0,0.0,0.0,0.0,15.7206,94.0,76.0,10.85778458183701
7,2010,Austria,9.5292,80.0,75.17,4.0,Western Europe,Europe,1.3862943611198906,10.754877954326345,0,0,1,0,0,0,0.0,0.0,0.0,0.0,9.5292,80.0,75.17,10.754877954326345,0.0,0.0,0.0,0.0,0.0,0.0,0.0,0.0
8,2010,Azerbaijan,44.7724,89.0,46.0,27.0,Western Asia,Asia,3.295836866004329,8.6729664028416,0,1,0,0,0,0,0.0,0.0,0.0,0.0,0.0,0.0,0.0,0.0,0.0,0.0,0.0,0.0,0.0,0.0,0.0,0.0
9,2010,"Bahamas, The",35.425,94.0,43.0,85.0,Caribbean,North America,4.442651256490317,10.239213615638178,0,0,0,1,0,0,0.0,0.0,0.0,0.0,0.0,0.0,0.0,0.0,35.425,94.0,43.0,10.239213615638178,0.0,0.0,0.0,0.0
10,2010,Bahrain,14.3106,99.0,55.0,16.0,Western Asia,Asia,2.772588722239781,9.938956230289662,0,1,0,0,0,0,0.0,0.0,0.0,0.0,0.0,0.0,0.0,0.0,0.0,0.0,0.0,0.0,0.0,0.0,0.0,0.0
11,2010,Bangladesh,90.4654,88.0,3.7,242.0,Southern Asia,Asia,5.488937726156687,6.630250253829123,0,1,0,0,0,0,0.0,0.0,0.0,0.0,0.0,0.0,0.0,0.0,0.0,0.0,0.0,0.0,0.0,0.0,0.0,0.0
12,2010,Barbados,47.2896,85.0,65.1,33.0,Caribbean,North America,3.4965075614664802,9.692961290622796,0,0,0,1,0,0,0.0,0.0,0.0,0.0,0.0,0.0,0.0,0.0,47.2896,85.0,65.1,9.692961290622796,0.0,0.0,0.0,0.0
13,2010,Belarus,21.5848,99.0,31.8,5.0,Eastern Europe,Europe,1.6094379124341003,8.72930004837318,0,0,1,0,0,0,0.0,0.0,0.0,0.0,21.5848,99.0,31.8,8.72930004837318,0.0,0.0,0.0,0.0,0.0,0.0,0.0,0.0
14,2010,Belgium,7.6294,95.0,75.0,8.0,Western Europe,Europe,2.0794415416798357,10.700548176486118,0,0,1,0,0,0,0.0,0.0,0.0,0.0,7.6294,95.0,75.0,10.700548176486118,0.0,0.0,0.0,0.0,0.0,0.0,0.0,0.0
15,2010,Belize,72.317,98.0,28.2,37.0,Central America,North America,3.6109179126442243,8.376312152774693,0,0,0,1,0,0,0.0,0.0,0.0,0.0,0.0,0.0,0.0,0.0,72.317,98.0,28.2,8.376312152774693,0.0,0.0,0.0,0.0
16,2010,Benin,101.2906,68.0,3.13,446.0,Western Africa,Africa,6.100318952020064,6.630282127588937,1,0,0,0,0,0,101.2906,68.0,3.13,6.630282127588937,0.0,0.0,0.0,0.0,0.0,0.0,0.0,0.0,0.0,0.0,0.0,0.0
17,2010,Bhutan,37.1006,95.0,13.6,204.0,Southern Asia,Asia,5.318119993844216,7.686585254936089,0,1,0,0,0,0,0.0,0.0,0.0,0.0,0.0,0.0,0.0,0.0,0.0,0.0,0.0,0.0,0.0,0.0,0.0,0.0
18,2010,Bolivia,76.2958,88.0,22.4,253.0,South America,South America,5.53338948872752,7.591442916905976,0,0,0,0,0,1,0.0,0.0,0.0,0.0,0.0,0.0,0.0,0.0,0.0,0.0,0.0,0.0,0.0,0.0,0.0,0.0
19,2010,Bosnia and Herzegovina,13.7102,91.0,42.75,13.0,Southern Europe,Europe,2.5649493574615367,8.43703010207756,0,0,1,0,0,0,0.0,0.0,0.0,0.0,13.7102,91.0,42.75,8.43703010207756,0.0,0.0,0.0,0.0,0.0,0.0,0.0,0.0
20,2010,Botswana,42.899,96.0,6.0,169.0,Southern Africa,Africa,5.1298987149230735,8.755604586380626,1,0,0,0,0,0,42.899,96.0,6.0,8.755604586380626,0.0,0.0,0.0,0.0,0.0,0.0,0.0,0.0,0.0,0.0,0.0,0.0
21,2010,Brazil,67.955,99.0,40.65,65.0,South America,South America,4.174387269895637,9.325823349675908,0,0,0,0,0,1,0.0,0.0,0.0,0.0,0.0,0.0,0.0,0.0,0.0,0.0,0.0,0.0,0.0,0.0,0.0,0.0
22,2010,Brunei Darussalam,15.0682,94.0,53.0,27.0,South-Eastern Asia,Asia,3.295836866004329,10.470734184819058,0,1,0,0,0,0,0.0,0.0,0.0,0.0,0.0,0.0,0.0,0.0,0.0,0.0,0.0,0.0,0.0,0.0,0.0,0.0
23,2010,Bulgaria,43.7244,97.0,46.23,11.0,Eastern Europe,Europe,2.3978952727983707,8.831020520824199,0,0,1,0,0,0,0.0,0.0,0.0,0.0,43.7244,97.0,46.23,8.831020520824199,0.0,0.0,0.0,0.0,0.0,0.0,0.0,0.0
24,2010,Burkina Faso,121.1052,92.0,2.4,417.0,Western Africa,Africa,6.0330862217988015,6.355146178981101,1,0,0,0,0,0,121.1052,92.0,2.4,6.355146178981101,0.0,0.0,0.0,0.0,0.0,0.0,0.0,0.0,0.0,0.0,0.0,0.0
25,2010,Burundi,31.292,92.0,1.0,808.0,Eastern Africa,Africa,6.694562058521095,5.445855676713121,1,0,0,0,0,0,31.292,92.0,1.0,5.445855676713121,0.0,0.0,0.0,0.0,0.0,0.0,0.0,0.0,0.0,0.0,0.0,0.0
26,2010,Cabo Verde,84.8786,97.0,30.0,51.0,Western Africa,Africa,3.9318256327243257,8.105556875960861,1,0,0,0,0,0,84.8786,97.0,30.0,8.105556875960861,0.0,0.0,0.0,0.0,0.0,0.0,0.0,0.0,0.0,0.0,0.0,0.0
27,2010,Cambodia,48.0808,90.0,1.26,202.0,South-Eastern Asia,Asia,5.308267697401205,6.666565983424238,0,1,0,0,0,0,0.0,0.0,0.0,0.0,0.0,0.0,0.0,0.0,0.0,0.0,0.0,0.0,0.0,0.0,0.0,0.0
28,2010,Cameroon,125.2854,79.0,4.3,676.0,Middle Africa,Africa,6.516193076042964,7.1771121213836775,1,0,0,0,0,0,125.2854,79.0,4.3,7.1771121213836775,0.0,0.0,0.0,0.0,0.0,0.0,0.0,0.0,0.0,0.0,0.0,0.0
29,2010,Canada,12.3764,90.0,80.3,8.0,Northern America,North America,2.0794415416798357,10.767378610298625,0,0,0,1,0,0,0.0,0.0,0.0,0.0,0.0,0.0,0.0,0.0,12.3764,90.0,80.3,10.767378610298625,0.0,0.0,0.0,0.0
30,2010,Central African Republic,114.878,53.0,2.0,909.0,Middle Africa,Africa,6.812345094177479,6.101313273203831,1,0,0,0,0,0,114.878,53.0,2.0,6.101313273203831,0.0,0.0,0.0,0.0,0.0,0.0,0.0,0.0,0.0,0.0,0.0,0.0
31,2010,Chad,185.364,46.0,1.7,1040.0,Middle Africa,Africa,6.946975992135418,6.7985760748654585,1,0,0,0,0,0,185.364,46.0,1.7,6.7985760748654585,0.0,0.0,0.0,0.0,0.0,0.0,0.0,0.0,0.0,0.0,0.0,0.0
32,2010,Chile,52.0394,93.0,45.0,26.0,South America,South America,3.258096538021482,9.461890811440128,0,0,0,0,0,1,0.0,0.0,0.0,0.0,0.0,0.0,0.0,0.0,0.0,0.0,0.0,0.0,0.0,0.0,0.0,0.0
33,2010,China,6.972,99.0,34.3,35.0,Eastern Asia,Asia,3.5553480614894135,8.425190305403554,0,1,0,0,0,0,0.0,0.0,0.0,0.0,0.0,0.0,0.0,0.0,0.0,0.0,0.0,0.0,0.0,0.0,0.0,0.0
34,2010,Colombia,60.0682,88.0,36.5,72.0,South America,South America,4.276666119016055,8.737250122516187,0,0,0,0,0,1,0.0,0.0,0.0,0.0,0.0,0.0,0.0,0.0,0.0,0.0,0.0,0.0,0.0,0.0,0.0,0.0
35,2010,Comoros,76.4744,72.0,5.1,388.0,Eastern Africa,Africa,5.961005339623274,7.18175528220991,1,0,0,0,0,0,76.4744,72.0,5.1,7.18175528220991,0.0,0.0,0.0,0.0,0.0,0.0,0.0,0.0,0.0,0.0,0.0,0.0
36,2010,"Congo, Dem. Rep.",129.9144,74.0,0.72,794.0,Middle Africa,Africa,6.677083461247136,5.811834472575893,1,0,0,0,0,0,129.9144,74.0,0.72,5.811834472575893,0.0,0.0,0.0,0.0,0.0,0.0,0.0,0.0,0.0,0.0,0.0,0.0
37,2010,"Congo, Rep.",125.0662,75.0,5.0,509.0,Middle Africa,Africa,6.2324480165505225,7.914742776202981,1,0,0,0,0,0,125.0662,75.0,5.0,7.914742776202981,0.0,0.0,0.0,0.0,0.0,0.0,0.0,0.0,0.0,0.0,0.0,0.0
38,2010,Costa Rica,61.2344,83.0,36.5,29.0,Central America,North America,3.367295829986474,9.011818042983972,0,0,0,1,0,0,0.0,0.0,0.0,0.0,0.0,0.0,0.0,0.0,61.2344,83.0,36.5,9.011818042983972,0.0,0.0,0.0,0.0
39,2010,Cote d'Ivoire,137.0392,70.0,2.7,717.0,Western Africa,Africa,6.57507584059962,7.106400457162743,1,0,0,0,0,0,137.0392,70.0,2.7,7.106400457162743,0.0,0.0,0.0,0.0,0.0,0.0,0.0,0.0,0.0,0.0,0.0,0.0
40,2010,Croatia,12.5344,96.0,56.55,10.0,Southern Europe,Europe,2.302585092994046,9.513862393008331,0,0,1,0,0,0,0.0,0.0,0.0,0.0,12.5344,96.0,56.55,9.513862393008331,0.0,0.0,0.0,0.0,0.0,0.0,0.0,0.0
41,2010,Cuba,49.3454,99.0,15.9,44.0,Caribbean,North America,3.784189633918261,8.644026950354942,0,0,0,1,0,0,0.0,0.0,0.0,0.0,0.0,0.0,0.0,0.0,49.3454,99.0,15.9,8.644026950354942,0.0,0.0,0.0,0.0
42,2010,Cyprus,5.6706,87.0,52.99,8.0,Western Asia,Asia,2.0794415416798357,10.335869268482956,0,1,0,0,0,0,0.0,0.0,0.0,0.0,0.0,0.0,0.0,0.0,0.0,0.0,0.0,0.0,0.0,0.0,0.0,0.0
43,2010,Czech Republic,11.075,98.0,68.82,5.0,Eastern Europe,Europe,1.6094379124341003,9.893844764495038,0,0,1,0,0,0,0.0,0.0,0.0,0.0,11.075,98.0,68.82,9.893844764495038,0.0,0.0,0.0,0.0,0.0,0.0,0.0,0.0
44,2010,Denmark,5.0092,85.0,88.72,7.0,Northern Europe,Europe,1.9459101490553132,10.96891202139171,0,0,1,0,0,0,0.0,0.0,0.0,0.0,5.0092,85.0,88.72,10.96891202139171,0.0,0.0,0.0,0.0,0.0,0.0,0.0,0.0
45,2010,Djibouti,23.152,85.0,6.5,275.0,Eastern Africa,Africa,5.616771097666572,7.189915174884806,1,0,0,0,0,0,23.152,85.0,6.5,7.189915174884806,0.0,0.0,0.0,0.0,0.0,0.0,0.0,0.0,0.0,0.0,0.0,0.0
46,2010,Dominican Republic,103.8548,85.0,31.4,75.0,Caribbean,North America,4.31748811353631,8.604091153101349,0,0,0,1,0,0,0.0,0.0,0.0,0.0,0.0,0.0,0.0,0.0,103.8548,85.0,31.4,8.604091153101349,0.0,0.0,0.0,0.0
47,2010,Ecuador,79.5994,95.0,29.03,75.0,South America,South America,4.31748811353631,8.446191667039056,0,0,0,0,0,1,0.0,0.0,0.0,0.0,0.0,0.0,0.0,0.0,0.0,0.0,0.0,0.0,0.0,0.0,0.0,0.0
48,2010,"Egypt, Arab Rep.",52.272,96.0,21.6,40.0,Northern Africa,Africa,3.6888794541139363,7.864219942128053,1,0,0,0,0,0,52.272,96.0,21.6,7.864219942128053,0.0,0.0,0.0,0.0,0.0,0.0,0.0,0.0,0.0,0.0,0.0,0.0
49,2010,El Salvador,77.1074,92.0,15.9,59.0,Central America,North America,4.07753744390572,8.00387956635045,0,0,0,1,0,0,0.0,0.0,0.0,0.0,0.0,0.0,0.0,0.0,77.1074,92.0,15.9,8.00387956635045,0.0,0.0,0.0,0.0
50,2010,Equatorial Guinea,169.9012,51.0,6.0,379.0,Middle Africa,Africa,5.937536205082426,9.748962800505154,1,0,0,0,0,0,169.9012,51.0,6.0,9.748962800505154,0.0,0.0,0.0,0.0,0.0,0.0,0.0,0.0,0.0,0.0,0.0,0.0
51,2010,Eritrea,67.0376,97.0,0.61,579.0,Eastern Africa,Africa,6.361302477572996,6.1782533824535255,1,0,0,0,0,0,67.0376,97.0,0.61,6.1782533824535255,0.0,0.0,0.0,0.0,0.0,0.0,0.0,0.0,0.0,0.0,0.0,0.0
52,2010,Estonia,18.7038,95.0,74.1,8.0,Northern Europe,Europe,2.0794415416798357,9.591417483612398,0,0,1,0,0,0,0.0,0.0,0.0,0.0,18.7038,95.0,74.1,9.591417483612398,0.0,0.0,0.0,0.0,0.0,0.0,0.0,0.0
53,2010,Eswatini,86.0412,94.0,11.04,436.0,Southern Africa,Africa,6.077642243349034,8.213446566499371,1,0,0,0,0,0,86.0412,94.0,11.04,8.213446566499371,0.0,0.0,0.0,0.0,0.0,0.0,0.0,0.0,0.0,0.0,0.0,0.0
54,2010,Ethiopia,78.093,64.0,0.75,523.0,Eastern Africa,Africa,6.259581464064923,5.832790889187366,1,0,0,0,0,0,78.093,64.0,0.75,5.832790889187366,0.0,0.0,0.0,0.0,0.0,0.0,0.0,0.0,0.0,0.0,0.0,0.0
55,2010,Fiji,43.8366,94.0,20.0,34.0,Melanesia,Oceania,3.5263605246161616,8.20302114639843,0,0,0,0,1,0,0.0,0.0,0.0,0.0,0.0,0.0,0.0,0.0,0.0,0.0,0.0,0.0,43.8366,94.0,20.0,8.20302114639843
56,2010,Finland,8.1462,98.0,86.89,3.0,Northern Europe,Europe,1.0986122886681098,10.74078735195554,0,0,1,0,0,0,0.0,0.0,0.0,0.0,8.1462,98.0,86.89,10.74078735195554,0.0,0.0,0.0,0.0,0.0,0.0,0.0,0.0
57,2010,France,9.6746,89.0,77.28,9.0,Western Europe,Europe,2.1972245773362196,10.612467087422422,0,0,1,0,0,0,0.0,0.0,0.0,0.0,9.6746,89.0,77.28,10.612467087422422,0.0,0.0,0.0,0.0,0.0,0.0,0.0,0.0
58,2010,Gabon,116.2276,62.0,13.0,322.0,Middle Africa,Africa,5.7745515455444085,9.077278968993175,1,0,0,0,0,0,116.2276,62.0,13.0,9.077278968993175,0.0,0.0,0.0,0.0,0.0,0.0,0.0,0.0,0.0,0.0,0.0,0.0
59,2010,"Gambia, The",97.973,92.0,9.2,753.0,Western Africa,Africa,6.6240652277998935,6.332362301107782,1,0,0,0,0,0,97.973,92.0,9.2,6.332362301107782,0.0,0.0,0.0,0.0,0.0,0.0,0.0,0.0,0.0,0.0,0.0,0.0
60,2010,Georgia,51.2912,94.0,26.9,40.0,Western Asia,Asia,3.6888794541139363,7.994455918374986,0,1,0,0,0,0,0.0,0.0,0.0,0.0,0.0,0.0,0.0,0.0,0.0,0.0,0.0,0.0,0.0,0.0,0.0,0.0
61,2010,Germany,8.7462,97.0,82.0,7.0,Western Europe,Europe,1.9459101490553132,10.640306030396355,0,0,1,0,0,0,0.0,0.0,0.0,0.0,8.7462,97.0,82.0,10.640306030396355,0.0,0.0,0.0,0.0,0.0,0.0,0.0,0.0
62,2010,Ghana,72.5644,93.0,7.8,325.0,Western Africa,Africa,5.783825182329737,7.1797709395350475,1,0,0,0,0,0,72.5644,93.0,7.8,7.1797709395350475,0.0,0.0,0.0,0.0,0.0,0.0,0.0,0.0,0.0,0.0,0.0,0.0
63,2010,Greece,9.7886,99.0,44.4,3.0,Southern Europe,Europe,1.0986122886681098,10.200541532846353,0,0,1,0,0,0,0.0,0.0,0.0,0.0,9.7886,99.0,44.4,10.200541532846353,0.0,0.0,0.0,0.0,0.0,0.0,0.0,0.0
64,2010,Grenada,38.178,95.0,27.0,27.0,Caribbean,North America,3.295836866004329,8.904581431398727,0,0,0,1,0,0,0.0,0.0,0.0,0.0,0.0,0.0,0.0,0.0,38.178,95.0,27.0,8.904581431398727,0.0,0.0,0.0,0.0
65,2010,Guatemala,82.7946,93.0,10.5,109.0,Central America,North America,4.6913478822291435,7.946447353937373,0,0,0,1,0,0,0.0,0.0,0.0,0.0,0.0,0.0,0.0,0.0,82.7946,93.0,10.5,7.946447353937373,0.0,0.0,0.0,0.0
66,2010,Guinea,149.6754,58.0,1.0,720.0,Western Africa,Africa,6.579251212010101,6.453503897669253,1,0,0,0,0,0,149.6754,58.0,1.0,6.453503897669253,0.0,0.0,0.0,0.0,0.0,0.0,0.0,0.0,0.0,0.0,0.0,0.0
67,2010,Guinea-Bissau,107.5136,76.0,2.45,570.0,Western Africa,Africa,6.345636360828596,6.30207692560571,1,0,0,0,0,0,107.5136,76.0,2.45,6.30207692560571,0.0,0.0,0.0,0.0,0.0,0.0,0.0,0.0,0.0,0.0,0.0,0.0
68,2010,Guyana,91.091,95.0,29.9,241.0,South America,South America,5.484796933490655,8.021239130126624,0,0,0,0,0,1,0.0,0.0,0.0,0.0,0.0,0.0,0.0,0.0,0.0,0.0,0.0,0.0,0.0,0.0,0.0,0.0
69,2010,Haiti,43.3346,64.0,8.37,389.0,Caribbean,North America,5.963579343618446,6.495687699695559,0,0,0,1,0,0,0.0,0.0,0.0,0.0,0.0,0.0,0.0,0.0,43.3346,64.0,8.37,6.495687699695559,0.0,0.0,0.0,0.0
70,2010,Honduras,83.6298,97.0,11.09,155.0,Central America,North America,5.043425116919247,7.56675516560367,0,0,0,1,0,0,0.0,0.0,0.0,0.0,0.0,0.0,0.0,0.0,83.6298,97.0,11.09,7.56675516560367,0.0,0.0,0.0,0.0
71,2010,Hungary,20.0066,99.0,65.0,15.0,Eastern Europe,Europe,2.70805020110221,9.479774490393655,0,0,1,0,0,0,0.0,0.0,0.0,0.0,20.0066,99.0,65.0,9.479774490393655,0.0,0.0,0.0,0.0,0.0,0.0,0.0,0.0
72,2010,Iceland,11.336,93.0,93.39,4.0,Northern Europe,Europe,1.3862943611198906,10.641888544049415,0,0,1,0,0,0,0.0,0.0,0.0,0.0,11.336,93.0,93.39,10.641888544049415,0.0,0.0,0.0,0.0,0.0,0.0,0.0,0.0
73,2010,India,36.0522,82.0,7.5,215.0,Southern Asia,Asia,5.3706380281276624,7.204721732776723,0,1,0,0,0,0,0.0,0.0,0.0,0.0,0.0,0.0,0.0,0.0,0.0,0.0,0.0,0.0,0.0,0.0,0.0,0.0
74,2010,Indonesia,50.887,78.0,10.92,165.0,South-Eastern Asia,Asia,5.10594547390058,8.043496554448724,0,1,0,0,0,0,0.0,0.0,0.0,0.0,0.0,0.0,0.0,0.0,0.0,0.0,0.0,0.0,0.0,0.0,0.0,0.0
75,2010,"Iran, Islamic Rep.",29.5988,99.0,15.9,27.0,Southern Asia,Asia,3.295836866004329,8.784457344059058,0,1,0,0,0,0,0.0,0.0,0.0,0.0,0.0,0.0,0.0,0.0,0.0,0.0,0.0,0.0,0.0,0.0,0.0,0.0
76,2010,Iraq,78.451,75.0,2.5,51.0,Western Asia,Asia,3.9318256327243257,8.412443388847928,0,1,0,0,0,0,0.0,0.0,0.0,0.0,0.0,0.0,0.0,0.0,0.0,0.0,0.0,0.0,0.0,0.0,0.0,0.0
77,2010,Ireland,13.72,90.0,69.85,7.0,Northern Europe,Europe,1.9459101490553132,10.792856899971055,0,0,1,0,0,0,0.0,0.0,0.0,0.0,13.72,90.0,69.85,10.792856899971055,0.0,0.0,0.0,0.0,0.0,0.0,0.0,0.0
78,2010,Israel,12.541,96.0,67.5,6.0,Western Asia,Asia,1.791759469228055,10.330157592404957,0,1,0,0,0,0,0.0,0.0,0.0,0.0,0.0,0.0,0.0,0.0,0.0,0.0,0.0,0.0,0.0,0.0,0.0,0.0
79,2010,Italy,6.591,91.0,53.68,4.0,Southern Europe,Europe,1.3862943611198906,10.487081361856513,0,0,1,0,0,0,0.0,0.0,0.0,0.0,6.591,91.0,53.68,10.487081361856513,0.0,0.0,0.0,0.0,0.0,0.0,0.0,0.0
80,2010,Jamaica,66.0636,89.0,27.67,93.0,Caribbean,North America,4.532599493153256,8.452246761989432,0,0,0,1,0,0,0.0,0.0,0.0,0.0,0.0,0.0,0.0,0.0,66.0636,89.0,27.67,8.452246761989432,0.0,0.0,0.0,0.0
81,2010,Japan,4.733,94.0,78.21,6.0,Eastern Asia,Asia,1.791759469228055,10.70341695633171,0,1,0,0,0,0,0.0,0.0,0.0,0.0,0.0,0.0,0.0,0.0,0.0,0.0,0.0,0.0,0.0,0.0,0.0,0.0
82,2010,Jordan,27.5454,98.0,27.2,59.0,Western Asia,Asia,4.07753744390572,8.21044797288475,0,1,0,0,0,0,0.0,0.0,0.0,0.0,0.0,0.0,0.0,0.0,0.0,0.0,0.0,0.0,0.0,0.0,0.0,0.0
83,2010,Kazakhstan,30.4734,99.0,31.6,20.0,Central Asia,Asia,2.995732273553991,9.112781373287376,0,1,0,0,0,0,0.0,0.0,0.0,0.0,0.0,0.0,0.0,0.0,0.0,0.0,0.0,0.0,0.0,0.0,0.0,0.0
84,2010,Kenya,91.038,86.0,7.2,605.0,Eastern Africa,Africa,6.405228458030842,6.874560844363671,1,0,0,0,0,0,91.038,86.0,7.2,6.874560844363671,0.0,0.0,0.0,0.0,0.0,0.0,0.0,0.0,0.0,0.0,0.0,0.0
85,2010,Kiribati,23.5756,89.0,9.07,109.0,Micronesia,Oceania,4.6913478822291435,7.327041328682448,0,0,0,0,1,0,0.0,0.0,0.0,0.0,0.0,0.0,0.0,0.0,0.0,0.0,0.0,0.0,23.5756,89.0,9.07,7.327041328682448
86,2010,"Korea, Dem. Peopleâ€™s Rep.",0.4432,99.0,0.0,97.0,Eastern Asia,Asia,4.574710978503383,9.497302141521953,0,1,0,0,0,0,0.0,0.0,0.0,0.0,0.0,0.0,0.0,0.0,0.0,0.0,0.0,0.0,0.0,0.0,0.0,0.0
87,2010,"Korea, Rep.",1.8592,98.0,83.7,15.0,Eastern Asia,Asia,2.70805020110221,10.002742347529807,0,1,0,0,0,0,0.0,0.0,0.0,0.0,0.0,0.0,0.0,0.0,0.0,0.0,0.0,0.0,0.0,0.0,0.0,0.0
88,2010,Kuwait,11.9468,98.0,61.4,5.0,Western Asia,Asia,1.6094379124341003,10.558351621163524,0,1,0,0,0,0,0.0,0.0,0.0,0.0,0.0,0.0,0.0,0.0,0.0,0.0,0.0,0.0,0.0,0.0,0.0,0.0
89,2010,Kyrgyz Republic,36.8604,99.0,16.3,84.0,Central Asia,Asia,4.430816798843313,6.779964832822661,0,1,0,0,0,0,0.0,0.0,0.0,0.0,0.0,0.0,0.0,0.0,0.0,0.0,0.0,0.0,0.0,0.0,0.0,0.0
90,2010,Lao PDR,67.8436,64.0,7.0,294.0,South-Eastern Asia,Asia,5.683579767338681,7.039771750382653,0,1,0,0,0,0,0.0,0.0,0.0,0.0,0.0,0.0,0.0,0.0,0.0,0.0,0.0,0.0,0.0,0.0,0.0,0.0
91,2010,Latvia,16.437,95.0,68.42,19.0,Northern Europe,Europe,2.9444389791664403,9.334875624432698,0,0,1,0,0,0,0.0,0.0,0.0,0.0,16.437,95.0,68.42,9.334875624432698,0.0,0.0,0.0,0.0,0.0,0.0,0.0,0.0
92,2010,Lebanon,13.149,79.0,43.68,19.0,Western Asia,Asia,2.9444389791664403,9.089108342241733,0,1,0,0,0,0,0.0,0.0,0.0,0.0,0.0,0.0,0.0,0.0,0.0,0.0,0.0,0.0,0.0,0.0,0.0,0.0
93,2010,Lesotho,91.7458,88.0,3.86,587.0,Southern Africa,Africa,6.375024819828097,7.053880490938304,1,0,0,0,0,0,91.7458,88.0,3.86,7.053880490938304,0.0,0.0,0.0,0.0,0.0,0.0,0.0,0.0,0.0,0.0,0.0,0.0
94,2010,Liberia,137.1728,65.0,2.3,811.0,Western Africa,Africa,6.698268054115413,6.226661176537672,1,0,0,0,0,0,137.1728,65.0,2.3,6.226661176537672,0.0,0.0,0.0,0.0,0.0,0.0,0.0,0.0,0.0,0.0,0.0,0.0
95,2010,Libya,6.03,98.0,14.0,9.0,Northern Africa,Africa,2.1972245773362196,9.402658642145491,1,0,0,0,0,0,6.03,98.0,14.0,9.402658642145491,0.0,0.0,0.0,0.0,0.0,0.0,0.0,0.0,0.0,0.0,0.0,0.0
96,2010,Lithuania,16.1048,96.0,62.12,9.0,Northern Europe,Europe,2.1972245773362196,9.391400180590775,0,0,1,0,0,0,0.0,0.0,0.0,0.0,16.1048,96.0,62.12,9.391400180590775,0.0,0.0,0.0,0.0,0.0,0.0,0.0,0.0
97,2010,Luxembourg,7.6928,96.0,90.62,11.0,Western Europe,Europe,2.3978952727983707,11.561385156237286,0,0,1,0,0,0,0.0,0.0,0.0,0.0,7.6928,96.0,90.62,11.561385156237286,0.0,0.0,0.0,0.0,0.0,0.0,0.0,0.0
98,2010,Madagascar,125.7288,66.0,1.7,436.0,Eastern Africa,Africa,6.077642243349034,6.022795889456479,1,0,0,0,0,0,125.7288,66.0,1.7,6.022795889456479,0.0,0.0,0.0,0.0,0.0,0.0,0.0,0.0,0.0,0.0,0.0,0.0
99,2010,Malawi,148.2142,93.0,2.26,629.0,Eastern Africa,Africa,6.444131256700441,6.128756986514749,1,0,0,0,0,0,148.2142,93.0,2.26,6.128756986514749,0.0,0.0,0.0,0.0,0.0,0.0,0.0,0.0,0.0,0.0,0.0,0.0
100,2010,Malaysia,12.9878,95.0,56.3,48.0,South-Eastern Asia,Asia,3.871201010907891,9.112877144566731,0,1,0,0,0,0,0.0,0.0,0.0,0.0,0.0,0.0,0.0,0.0,0.0,0.0,0.0,0.0,0.0,0.0,0.0,0.0
101,2010,Maldives,11.2758,97.0,26.53,87.0,Southern Asia,Asia,4.465908118654584,8.867907230282906,0,1,0,0,0,0,0.0,0.0,0.0,0.0,0.0,0.0,0.0,0.0,0.0,0.0,0.0,0.0,0.0,0.0,0.0,0.0
102,2010,Mali,181.5306,78.0,2.0,630.0,Western Africa,Africa,6.4457198193855785,6.562967633525957,1,0,0,0,0,0,181.5306,78.0,2.0,6.562967633525957,0.0,0.0,0.0,0.0,0.0,0.0,0.0,0.0,0.0,0.0,0.0,0.0
103,2010,Malta,17.8444,73.0,63.0,11.0,Southern Europe,Europe,2.3978952727983707,9.956449701533275,0,0,1,0,0,0,0.0,0.0,0.0,0.0,17.8444,73.0,63.0,9.956449701533275,0.0,0.0,0.0,0.0,0.0,0.0,0.0,0.0
104,2010,Mauritania,87.108,67.0,4.0,723.0,Western Africa,Africa,6.583409222158765,7.091539341385849,1,0,0,0,0,0,87.108,67.0,4.0,7.091539341385849,0.0,0.0,0.0,0.0,0.0,0.0,0.0,0.0,0.0,0.0,0.0,0.0
105,2010,Mauritius,30.9766,99.0,28.33,59.0,Eastern Africa,Africa,4.07753744390572,8.987243873532663,1,0,0,0,0,0,30.9766,99.0,28.33,8.987243873532663,0.0,0.0,0.0,0.0,0.0,0.0,0.0,0.0,0.0,0.0,0.0,0.0
106,2010,Mexico,67.7,95.0,31.05,45.0,Central America,North America,3.8066624897703196,9.106806844929807,0,0,0,1,0,0,0.0,0.0,0.0,0.0,0.0,0.0,0.0,0.0,67.7,95.0,31.05,9.106806844929807,0.0,0.0,0.0,0.0
107,2010,"Micronesia, Fed. Sts.",21.304,80.0,20.0,115.0,Micronesia,Oceania,4.74493212836325,7.959196064560873,0,0,0,0,1,0,0.0,0.0,0.0,0.0,0.0,0.0,0.0,0.0,0.0,0.0,0.0,0.0,21.304,80.0,20.0,7.959196064560873
108,2010,Moldova,26.2568,97.0,32.3,34.0,Eastern Europe,Europe,3.5263605246161616,7.397277078277843,0,0,1,0,0,0,0.0,0.0,0.0,0.0,26.2568,97.0,32.3,7.397277078277843,0.0,0.0,0.0,0.0,0.0,0.0,0.0,0.0
109,2010,Mongolia,23.5792,97.0,10.2,63.0,Eastern Asia,Asia,4.143134726391533,7.882448362266649,0,1,0,0,0,0,0.0,0.0,0.0,0.0,0.0,0.0,0.0,0.0,0.0,0.0,0.0,0.0,0.0,0.0,0.0,0.0
110,2010,Montenegro,15.4848,90.0,37.5,8.0,Southern Europe,Europe,2.0794415416798357,8.807214698916521,0,0,1,0,0,0,0.0,0.0,0.0,0.0,15.4848,90.0,37.5,8.807214698916521,0.0,0.0,0.0,0.0,0.0,0.0,0.0,0.0
111,2010,Morocco,33.7464,98.0,52.0,153.0,Northern Africa,Africa,5.030437921392435,7.949516654725944,1,0,0,0,0,0,33.7464,98.0,52.0,7.949516654725944,0.0,0.0,0.0,0.0,0.0,0.0,0.0,0.0,0.0,0.0,0.0,0.0
112,2010,Mozambique,161.6834,82.0,4.17,619.0,Eastern Africa,Africa,6.428105272684596,6.038409712558018,1,0,0,0,0,0,161.6834,82.0,4.17,6.038409712558018,0.0,0.0,0.0,0.0,0.0,0.0,0.0,0.0,0.0,0.0,0.0,0.0
113,2010,Myanmar,31.8096,88.0,0.25,205.0,South-Eastern Asia,Asia,5.3230099791384085,6.895416046007316,0,1,0,0,0,0,0.0,0.0,0.0,0.0,0.0,0.0,0.0,0.0,0.0,0.0,0.0,0.0,0.0,0.0,0.0,0.0
114,2010,Namibia,79.776,75.0,11.6,319.0,Southern Africa,Africa,5.765191102784844,8.55479395496987,1,0,0,0,0,0,79.776,75.0,11.6,8.55479395496987,0.0,0.0,0.0,0.0,0.0,0.0,0.0,0.0,0.0,0.0,0.0,0.0
115,2010,Nepal,76.4548,86.0,7.93,349.0,Southern Asia,Asia,5.855071922202427,6.383816589616746,0,1,0,0,0,0,0.0,0.0,0.0,0.0,0.0,0.0,0.0,0.0,0.0,0.0,0.0,0.0,0.0,0.0,0.0,0.0
116,2010,Netherlands,4.7864,96.0,90.72,8.0,Western Europe,Europe,2.0794415416798357,10.82652060037626,0,0,1,0,0,0,0.0,0.0,0.0,0.0,4.7864,96.0,90.72,10.82652060037626,0.0,0.0,0.0,0.0,0.0,0.0,0.0,0.0
117,2010,New Zealand,25.7978,91.0,80.46,13.0,Australia and New Zealand,Oceania,2.5649493574615367,10.425016021014637,0,0,0,0,1,0,0.0,0.0,0.0,0.0,0.0,0.0,0.0,0.0,0.0,0.0,0.0,0.0,25.7978,91.0,80.46,10.425016021014637
118,2010,Nicaragua,97.552,99.0,10.0,166.0,Central America,North America,5.111987788356544,7.330731461412003,0,0,0,1,0,0,0.0,0.0,0.0,0.0,0.0,0.0,0.0,0.0,97.552,99.0,10.0,7.330731461412003,0.0,0.0,0.0,0.0
119,2010,Niger,205.1126,67.0,0.83,657.0,Western Africa,Africa,6.48768401848461,5.852650824941321,1,0,0,0,0,0,205.1126,67.0,0.83,5.852650824941321,0.0,0.0,0.0,0.0,0.0,0.0,0.0,0.0,0.0,0.0,0.0,0.0
120,2010,Nigeria,119.5004,56.0,11.5,867.0,Western Africa,Africa,6.7650389767805414,7.736900812450075,1,0,0,0,0,0,119.5004,56.0,11.5,7.736900812450075,0.0,0.0,0.0,0.0,0.0,0.0,0.0,0.0,0.0,0.0,0.0,0.0
121,2010,North Macedonia,19.0902,98.0,51.9,8.0,Southern Europe,Europe,2.0794415416798357,8.421321757126279,0,0,1,0,0,0,0.0,0.0,0.0,0.0,19.0902,98.0,51.9,8.421321757126279,0.0,0.0,0.0,0.0,0.0,0.0,0.0,0.0
122,2010,Norway,7.1886,93.0,93.39,6.0,Northern Europe,Europe,1.791759469228055,11.382478075849743,0,0,1,0,0,0,0.0,0.0,0.0,0.0,7.1886,93.0,93.39,11.382478075849743,0.0,0.0,0.0,0.0,0.0,0.0,0.0,0.0
123,2010,Oman,11.876,99.0,35.8278,18.0,Western Asia,Asia,2.8903717578961645,9.866875475951318,0,1,0,0,0,0,0.0,0.0,0.0,0.0,0.0,0.0,0.0,0.0,0.0,0.0,0.0,0.0,0.0,0.0,0.0,0.0
124,2010,Pakistan,41.1408,57.0,8.0,211.0,Southern Asia,Asia,5.351858133476067,6.947112778814655,0,1,0,0,0,0,0.0,0.0,0.0,0.0,0.0,0.0,0.0,0.0,0.0,0.0,0.0,0.0,0.0,0.0,0.0,0.0
125,2010,Panama,87.2886,97.0,40.1,101.0,Central America,North America,4.61512051684126,8.997250886860387,0,0,0,1,0,0,0.0,0.0,0.0,0.0,0.0,0.0,0.0,0.0,87.2886,97.0,40.1,8.997250886860387,0.0,0.0,0.0,0.0
126,2010,Papua New Guinea,58.3852,74.0,1.28,238.0,Melanesia,Oceania,5.472270673671475,7.603308618294377,0,0,0,0,1,0,0.0,0.0,0.0,0.0,0.0,0.0,0.0,0.0,0.0,0.0,0.0,0.0,58.3852,74.0,1.28,7.603308618294377
127,2010,Paraguay,63.2754,93.0,19.8,139.0,South America,South America,4.9344739331306915,8.385418072487466,0,0,0,0,0,1,0.0,0.0,0.0,0.0,0.0,0.0,0.0,0.0,0.0,0.0,0.0,0.0,0.0,0.0,0.0,0.0
128,2010,Peru,53.1626,94.0,34.77,92.0,South America,South America,4.5217885770490405,8.521681740981588,0,0,0,0,0,1,0.0,0.0,0.0,0.0,0.0,0.0,0.0,0.0,0.0,0.0,0.0,0.0,0.0,0.0,0.0,0.0
129,2010,Philippines,56.2002,80.0,25.0,129.0,South-Eastern Asia,Asia,4.859812404361672,7.663642135550677,0,1,0,0,0,0,0.0,0.0,0.0,0.0,0.0,0.0,0.0,0.0,0.0,0.0,0.0,0.0,0.0,0.0,0.0,0.0
130,2010,Poland,14.9762,98.0,62.32,4.0,Eastern Europe,Europe,1.3862943611198906,9.44128242695696,0,0,1,0,0,0,0.0,0.0,0.0,0.0,14.9762,98.0,62.32,9.44128242695696,0.0,0.0,0.0,0.0,0.0,0.0,0.0,0.0
131,2010,Portugal,13.665,96.0,53.3,11.0,Southern Europe,Europe,2.3978952727983707,10.022987073182158,0,0,1,0,0,0,0.0,0.0,0.0,0.0,13.665,96.0,53.3,10.022987073182158,0.0,0.0,0.0,0.0,0.0,0.0,0.0,0.0
132,2010,Puerto Rico,46.5064,89.7,45.3,16.0,Caribbean,North America,2.772588722239781,10.18247249381331,0,0,0,1,0,0,0.0,0.0,0.0,0.0,0.0,0.0,0.0,0.0,46.5064,89.7,45.3,10.18247249381331,0.0,0.0,0.0,0.0
133,2010,Qatar,12.8584,99.0,69.0,16.0,Western Asia,Asia,2.772588722239781,11.160615663418747,0,1,0,0,0,0,0.0,0.0,0.0,0.0,0.0,0.0,0.0,0.0,0.0,0.0,0.0,0.0,0.0,0.0,0.0,0.0
134,2010,Romania,37.4372,95.0,39.93,30.0,Eastern Europe,Europe,3.4011973816621555,9.01309839194974,0,0,1,0,0,0,0.0,0.0,0.0,0.0,37.4372,95.0,39.93,9.01309839194974,0.0,0.0,0.0,0.0,0.0,0.0,0.0,0.0
135,2010,Russian Federation,27.5684,98.0,43.0,29.0,Eastern Europe,Europe,3.367295829986474,9.275658686561268,0,0,1,0,0,0,0.0,0.0,0.0,0.0,27.5684,98.0,43.0,9.275658686561268,0.0,0.0,0.0,0.0,0.0,0.0,0.0,0.0
136,2010,Rwanda,34.7656,95.0,8.0,381.0,Eastern Africa,Africa,5.942799375126701,6.333992243310293,1,0,0,0,0,0,34.7656,95.0,8.0,6.333992243310293,0.0,0.0,0.0,0.0,0.0,0.0,0.0,0.0,0.0,0.0,0.0,0.0
137,2010,Samoa,29.6202,56.0,7.0,64.0,Polynesia,Oceania,4.1588830833596715,8.147124463484873,0,0,0,0,1,0,0.0,0.0,0.0,0.0,0.0,0.0,0.0,0.0,0.0,0.0,0.0,0.0,29.6202,56.0,7.0,8.147124463484873
138,2010,Sao Tome and Principe,103.976,92.0,18.75,162.0,Middle Africa,Africa,5.087596335232384,7.029756039930756,1,0,0,0,0,0,103.976,92.0,18.75,7.029756039930756,0.0,0.0,0.0,0.0,0.0,0.0,0.0,0.0,0.0,0.0,0.0,0.0
139,2010,Saudi Arabia,11.1736,98.0,41.0,14.0,Western Asia,Asia,2.6390573296152584,9.865764255052214,0,1,0,0,0,0,0.0,0.0,0.0,0.0,0.0,0.0,0.0,0.0,0.0,0.0,0.0,0.0,0.0,0.0,0.0,0.0
140,2010,Senegal,87.5702,81.0,8.0,375.0,Western Africa,Africa,5.926926025970411,7.135211707127699,1,0,0,0,0,0,87.5702,81.0,8.0,7.135211707127699,0.0,0.0,0.0,0.0,0.0,0.0,0.0,0.0,0.0,0.0,0.0,0.0
141,2010,Serbia,21.5124,95.0,40.9,16.0,Southern Europe,Europe,2.772588722239781,8.596351336395358,0,0,1,0,0,0,0.0,0.0,0.0,0.0,21.5124,95.0,40.9,8.596351336395358,0.0,0.0,0.0,0.0,0.0,0.0,0.0,0.0
142,2010,Sierra Leone,134.3892,82.0,0.58,1630.0,Western Africa,Africa,7.396335293800808,5.989348228305039,1,0,0,0,0,0,134.3892,82.0,0.58,5.989348228305039,0.0,0.0,0.0,0.0,0.0,0.0,0.0,0.0,0.0,0.0,0.0,0.0
143,2010,Singapore,4.7298,95.0,71.0,11.0,South-Eastern Asia,Asia,2.3978952727983707,10.748704953970169,0,1,0,0,0,0,0.0,0.0,0.0,0.0,0.0,0.0,0.0,0.0,0.0,0.0,0.0,0.0,0.0,0.0,0.0,0.0
144,2010,Slovak Republic,22.0306,98.0,75.71,6.0,Eastern Europe,Europe,1.791759469228055,9.717194936796364,0,0,1,0,0,0,0.0,0.0,0.0,0.0,22.0306,98.0,75.71,9.717194936796364,0.0,0.0,0.0,0.0,0.0,0.0,0.0,0.0
145,2010,Slovenia,4.9674,95.0,70.0,9.0,Southern Europe,Europe,2.1972245773362196,10.062091388947305,0,0,1,0,0,0,0.0,0.0,0.0,0.0,4.9674,95.0,70.0,10.062091388947305,0.0,0.0,0.0,0.0,0.0,0.0,0.0,0.0
146,2010,Solomon Islands,57.2384,74.0,5.0,136.0,Melanesia,Oceania,4.912654885736052,7.162841100060922,0,0,0,0,1,0,0.0,0.0,0.0,0.0,0.0,0.0,0.0,0.0,0.0,0.0,0.0,0.0,57.2384,74.0,5.0,7.162841100060922
147,2010,Somalia,117.0854,46.0,6.494666666666668,820.0,Eastern Africa,Africa,6.709304340258298,6.388907855135918,1,0,0,0,0,0,117.0854,46.0,6.494666666666668,6.388907855135918,0.0,0.0,0.0,0.0,0.0,0.0,0.0,0.0,0.0,0.0,0.0,0.0
148,2010,South Africa,53.8052,64.0,24.0,154.0,Southern Africa,Africa,5.0369526024136295,8.89238831899382,1,0,0,0,0,0,53.8052,64.0,24.0,8.89238831899382,0.0,0.0,0.0,0.0,0.0,0.0,0.0,0.0,0.0,0.0,0.0,0.0
149,2010,South Sudan,86.1788,83.0,6.494666666666668,876.0,Eastern Africa,Africa,6.775366090936392,6.388907855135918,1,0,0,0,0,0,86.1788,83.0,6.494666666666668,6.388907855135918,0.0,0.0,0.0,0.0,0.0,0.0,0.0,0.0,0.0,0.0,0.0,0.0
150,2010,Spain,10.286,95.0,65.8,5.0,Southern Europe,Europe,1.6094379124341003,10.333210312086312,0,0,1,0,0,0,0.0,0.0,0.0,0.0,10.286,95.0,65.8,10.333210312086312,0.0,0.0,0.0,0.0,0.0,0.0,0.0,0.0
151,2010,Sri Lanka,19.5818,99.0,12.0,35.0,Southern Asia,Asia,3.5553480614894135,7.94038245110029,0,1,0,0,0,0,0.0,0.0,0.0,0.0,0.0,0.0,0.0,0.0,0.0,0.0,0.0,0.0,0.0,0.0,0.0,0.0
152,2010,St. Lucia,45.7624,95.0,32.5,54.0,Caribbean,North America,3.9889840465642745,8.988220941646011,0,0,0,1,0,0,0.0,0.0,0.0,0.0,0.0,0.0,0.0,0.0,45.7624,95.0,32.5,8.988220941646011,0.0,0.0,0.0,0.0
153,2010,St. Vincent and the Grenadines,56.276,99.0,33.7,50.0,Caribbean,North America,3.912023005428146,8.737415717884163,0,0,0,1,0,0,0.0,0.0,0.0,0.0,0.0,0.0,0.0,0.0,56.276,99.0,33.7,8.737415717884163,0.0,0.0,0.0,0.0
154,2010,Sudan,92.1528,90.0,16.7,349.0,Northern Africa,Africa,5.855071922202427,7.297414859609846,1,0,0,0,0,0,92.1528,90.0,16.7,7.297414859609846,0.0,0.0,0.0,0.0,0.0,0.0,0.0,0.0,0.0,0.0,0.0,0.0
155,2010,Suriname,50.486,90.0,31.59,169.0,South America,South America,5.1298987149230735,9.024409909319974,0,0,0,0,0,1,0.0,0.0,0.0,0.0,0.0,0.0,0.0,0.0,0.0,0.0,0.0,0.0,0.0,0.0,0.0,0.0
156,2010,Sweden,5.6526,97.0,90.0,4.0,Northern Europe,Europe,1.3862943611198906,10.860464383236076,0,0,1,0,0,0,0.0,0.0,0.0,0.0,5.6526,97.0,90.0,10.860464383236076,0.0,0.0,0.0,0.0,0.0,0.0,0.0,0.0
157,2010,Switzerland,3.9014,92.0,83.9,6.0,Western Europe,Europe,1.791759469228055,11.21997247253697,0,0,1,0,0,0,0.0,0.0,0.0,0.0,3.9014,92.0,83.9,11.21997247253697,0.0,0.0,0.0,0.0,0.0,0.0,0.0,0.0
158,2010,Syrian Arab Republic,44.6844,82.0,20.7,49.0,Western Asia,Asia,3.8918202981106265,9.2754162828672,0,1,0,0,0,0,0.0,0.0,0.0,0.0,0.0,0.0,0.0,0.0,0.0,0.0,0.0,0.0,0.0,0.0,0.0,0.0
159,2010,Tajikistan,40.3956,94.0,11.55,35.0,Central Asia,Asia,3.5553480614894135,6.604414611676131,0,1,0,0,0,0,0.0,0.0,0.0,0.0,0.0,0.0,0.0,0.0,0.0,0.0,0.0,0.0,0.0,0.0,0.0,0.0
160,2010,Tanzania,125.8002,92.0,2.9,514.0,Eastern Africa,Africa,6.2422232654551655,6.553369926302098,1,0,0,0,0,0,125.8002,92.0,2.9,6.553369926302098,0.0,0.0,0.0,0.0,0.0,0.0,0.0,0.0,0.0,0.0,0.0,0.0
161,2010,Thailand,47.9138,98.0,22.4,23.0,South-Eastern Asia,Asia,3.1354942159291497,8.53214134428428,0,1,0,0,0,0,0.0,0.0,0.0,0.0,0.0,0.0,0.0,0.0,0.0,0.0,0.0,0.0,0.0,0.0,0.0,0.0
162,2010,Timor-Leste,57.6466,66.0,3.0,317.0,South-Eastern Asia,Asia,5.75890177387728,8.189783123328008,0,1,0,0,0,0,0.0,0.0,0.0,0.0,0.0,0.0,0.0,0.0,0.0,0.0,0.0,0.0,0.0,0.0,0.0,0.0
163,2010,Togo,92.1382,68.0,3.0,393.0,Western Africa,Africa,5.973809611869261,6.266898932751821,1,0,0,0,0,0,92.1382,68.0,3.0,6.266898932751821,0.0,0.0,0.0,0.0,0.0,0.0,0.0,0.0,0.0,0.0,0.0,0.0
164,2010,Tonga,17.5552,86.0,16.0,130.0,Polynesia,Oceania,4.867534450455582,8.17415862129678,0,0,0,0,1,0,0.0,0.0,0.0,0.0,0.0,0.0,0.0,0.0,0.0,0.0,0.0,0.0,17.5552,86.0,16.0,8.17415862129678
165,2010,Trinidad and Tobago,36.1182,92.0,48.5,65.0,Caribbean,North America,4.174387269895637,9.722170836155911,0,0,0,1,0,0,0.0,0.0,0.0,0.0,0.0,0.0,0.0,0.0,36.1182,92.0,48.5,9.722170836155911,0.0,0.0,0.0,0.0
166,2010,Tunisia,7.1268,97.0,36.8,67.0,Northern Africa,Africa,4.204692619390966,8.328487725520827,1,0,0,0,0,0,7.1268,97.0,36.8,8.328487725520827,0.0,0.0,0.0,0.0,0.0,0.0,0.0,0.0,0.0,0.0,0.0,0.0
167,2010,Turkey,34.1514,97.0,39.82,23.0,Western Asia,Asia,3.1354942159291497,9.2754162828672,0,1,0,0,0,0,0.0,0.0,0.0,0.0,0.0,0.0,0.0,0.0,0.0,0.0,0.0,0.0,0.0,0.0,0.0,0.0
168,2010,Turkmenistan,24.7322,99.0,3.0,46.0,Central Asia,Asia,3.828641396489095,8.398230134857915,0,1,0,0,0,0,0.0,0.0,0.0,0.0,0.0,0.0,0.0,0.0,0.0,0.0,0.0,0.0,0.0,0.0,0.0,0.0
169,2010,Uganda,135.9608,73.0,12.5,420.0,Eastern Africa,Africa,6.040254711277414,6.388907855135918,1,0,0,0,0,0,135.9608,73.0,12.5,6.388907855135918,0.0,0.0,0.0,0.0,0.0,0.0,0.0,0.0,0.0,0.0,0.0,0.0
170,2010,Ukraine,28.9362,56.0,23.3,26.0,Eastern Europe,Europe,3.258096538021482,7.994680325624054,0,0,1,0,0,0,0.0,0.0,0.0,0.0,28.9362,56.0,23.3,7.994680325624054,0.0,0.0,0.0,0.0,0.0,0.0,0.0,0.0
171,2010,United Arab Emirates,28.5314,94.0,68.0,6.0,Western Asia,Asia,1.791759469228055,10.46418540263485,0,1,0,0,0,0,0.0,0.0,0.0,0.0,0.0,0.0,0.0,0.0,0.0,0.0,0.0,0.0,0.0,0.0,0.0,0.0
172,2010,United Kingdom,20.8564,89.0,85.0,10.0,Northern Europe,Europe,2.302585092994046,10.568570040330574,0,0,1,0,0,0,0.0,0.0,0.0,0.0,20.8564,89.0,85.0,10.568570040330574,0.0,0.0,0.0,0.0,0.0,0.0,0.0,0.0
173,2010,United States,32.5494,92.0,71.69,14.0,Northern America,North America,2.6390573296152584,10.786746842623257,0,0,0,1,0,0,0.0,0.0,0.0,0.0,0.0,0.0,0.0,0.0,32.5494,92.0,71.69,10.786746842623257,0.0,0.0,0.0,0.0
174,2010,Uruguay,59.2876,95.0,46.4,19.0,South America,South America,2.9444389791664403,9.38749962713642,0,0,0,0,0,1,0.0,0.0,0.0,0.0,0.0,0.0,0.0,0.0,0.0,0.0,0.0,0.0,0.0,0.0,0.0,0.0
175,2010,Uzbekistan,17.753,98.0,15.9,39.0,Central Asia,Asia,3.6635616461296463,7.227722148706553,0,1,0,0,0,0,0.0,0.0,0.0,0.0,0.0,0.0,0.0,0.0,0.0,0.0,0.0,0.0,0.0,0.0,0.0,0.0
176,2010,Vanuatu,45.9602,70.0,8.0,94.0,Melanesia,Oceania,4.543294782270004,7.994902910347291,0,0,0,0,1,0,0.0,0.0,0.0,0.0,0.0,0.0,0.0,0.0,0.0,0.0,0.0,0.0,45.9602,70.0,8.0,7.994902910347291
177,2010,"Venezuela, RB",88.6516,79.0,37.37,99.0,South America,South America,4.59511985013459,9.513792204541398,0,0,0,0,0,1,0.0,0.0,0.0,0.0,0.0,0.0,0.0,0.0,0.0,0.0,0.0,0.0,0.0,0.0,0.0,0.0
178,2010,Vietnam,33.955,98.0,30.65,58.0,South-Eastern Asia,Asia,4.060443010546419,7.178065027357122,0,1,0,0,0,0,0.0,0.0,0.0,0.0,0.0,0.0,0.0,0.0,0.0,0.0,0.0,0.0,0.0,0.0,0.0,0.0
179,2010,West Bank and Gaza,62.806,91.11764705882354,37.4,54.0,Western Asia,Asia,3.9889840465642745,7.757358997472441,0,1,0,0,0,0,0.0,0.0,0.0,0.0,0.0,0.0,0.0,0.0,0.0,0.0,0.0,0.0,0.0,0.0,0.0,0.0
180,2010,"Yemen, Rep.",71.2432,68.0,12.35,416.0,Western Asia,Asia,6.030685260261263,7.177195953981869,0,1,0,0,0,0,0.0,0.0,0.0,0.0,0.0,0.0,0.0,0.0,0.0,0.0,0.0,0.0,0.0,0.0,0.0,0.0
181,2010,Zambia,105.4788,96.0,10.0,262.0,Eastern Africa,Africa,5.568344503761097,7.28839037335071,1,0,0,0,0,0,105.4788,96.0,10.0,7.28839037335071,0.0,0.0,0.0,0.0,0.0,0.0,0.0,0.0,0.0,0.0,0.0,0.0
182,2010,Zimbabwe,114.4282,90.0,6.4,446.0,Eastern Africa,Africa,6.100318952020064,6.75092328381253,1,0,0,0,0,0,114.4282,90.0,6.4,6.75092328381253,0.0,0.0,0.0,0.0,0.0,0.0,0.0,0.0,0.0,0.0,0.0,0.0
